<?xml version='1.0' encoding="utf-8"?>
<toc version="2.0">
<!-- First tocitem specifies top level page in Help browser Contents -->
    <tocitem target="index.html">Recipes Toolbox
        <tocitem target="function_categories.html" 
                 image="HelpIcon.FUNCTION">Function Reference
			<tocitem target="function_categories.html#1">Ch01-Primer
				<tocitem target="./functions/NewBookFile.html">NewBookFile</tocitem>
				<tocitem target="./functions/ParseAndSaveHeader.html">ParseAndSaveHeader</tocitem>
				<tocitem target="./functions/Test.html">Test</tocitem>
				<tocitem target="./functions/parentFunction.html">parentFunction</tocitem>
			</tocitem>
			<tocitem target="function_categories.html#2">Ch02-Style
				<tocitem target="./functions/Dot.html">Dot</tocitem>
				<tocitem target="./functions/OverloadedFunction.html">OverloadedFunction</tocitem>
			</tocitem>
			<tocitem target="function_categories.html#3">Ch03-Visualization
				<tocitem target="./functions/Draftmark.html">Draftmark</tocitem>
				<tocitem target="./functions/HitGround.html">HitGround</tocitem>
				<tocitem target="./functions/PlotPage.html">PlotPage</tocitem>
				<tocitem target="./functions/QuadPlot.html">QuadPlot</tocitem>
				<tocitem target="./functions/Watermark.html">Watermark</tocitem>
				<tocitem target="./functions/createfigure.html">createfigure</tocitem>
			</tocitem>
			<tocitem target="function_categories.html#4">Ch04-GUI
				<tocitem target="./functions/BoxAnimationGUI.html">BoxAnimationGUI</tocitem>
				<tocitem target="./functions/QuadAnimator.html">QuadAnimator</tocitem>
				<tocitem target="./functions/TimeDisplayGUI.html">TimeDisplayGUI</tocitem>
			</tocitem>
			<tocitem target="function_categories.html#5">Ch05-Debugging
				<tocitem target="./functions/CompleteTriangle.html">CompleteTriangle</tocitem>
				<tocitem target="./functions/DebugLog.html">DebugLog</tocitem>
				<tocitem target="./functions/DebugLogDemo.html">DebugLogDemo</tocitem>
				<tocitem target="./functions/DrawTriangle.html">DrawTriangle</tocitem>
				<tocitem target="./functions/TriangleFunctionTest.html">TriangleFunctionTest</tocitem>
				<tocitem target="./functions/VerboseEigTest.html">VerboseEigTest</tocitem>
				<tocitem target="./functions/WarningsTest.html">WarningsTest</tocitem>
			</tocitem>
            <tocitem target="function_categories.html#6">Ch06-DoubleIntegrator
				<tocitem target="./functions/PDControl.html">PDControl</tocitem>
				<tocitem target="./functions/PlotSet.html">PlotSet</tocitem>
				<tocitem target="./functions/RHSDoubleIntegrator.html">RHSDoubleIntegrator</tocitem>
				<tocitem target="./functions/RungeKutta.html">RungeKutta</tocitem>
				<tocitem target="./functions/TimeLabel.html">TimeLabel</tocitem>
            </tocitem>
			<tocitem target="function_categories.html#7">Ch07-SCARA
				<tocitem target="./functions/DrawSCARA.html">DrawSCARA</tocitem>
				<tocitem target="./functions/RHSSCARA.html">RHSSCARA</tocitem>
				<tocitem target="./functions/SCARADataStructure.html">SCARADataStructure</tocitem>
				<tocitem target="./functions/SCARAIK.html">SCARAIK</tocitem>
			</tocitem>
			<tocitem target="function_categories.html#8">Ch08-ElectricMotor
				<tocitem target="./functions/AddFillToPWM.html">AddFillToPWM</tocitem>
				<tocitem target="./functions/ClarkeTransformationMatrix.html">ClarkeTransformationMatrix</tocitem>
				<tocitem target="./functions/ParkTransformationMatrix.html">ParkTransformationMatrix</tocitem>
				<tocitem target="./functions/RHSPMMachine.html">RHSPMMachine</tocitem>
				<tocitem target="./functions/SVPWM.html">SVPWM</tocitem>
				<tocitem target="./functions/SwitchToVoltage.html">SwitchToVoltage</tocitem>
				<tocitem target="./functions/TorqueControl.html">TorqueControl</tocitem>
			</tocitem>
			<tocitem target="function_categories.html#9">Ch09-FaultDetection
				<tocitem target="./functions/DetectionFilter.html">DetectionFilter</tocitem>
				<tocitem target="./functions/DetectionFilterGUI.html">DetectionFilterGUI</tocitem>
				<tocitem target="./functions/RHSAirTurbine.html">RHSAirTurbine</tocitem>
			</tocitem>
			<tocitem target="function_categories.html#10">Ch10-Chemical
				<tocitem target="./functions/Fun.html">Fun</tocitem>
				<tocitem target="./functions/PHSensor.html">PHSensor</tocitem>
				<tocitem target="./functions/RHSpH.html">RHSpH</tocitem>
			</tocitem>
			<tocitem target="function_categories.html#11">Ch11-Aircraft
				<tocitem target="./functions/AircraftControl.html">AircraftControl</tocitem>
				<tocitem target="./functions/AtmosphericDensity.html">AtmosphericDensity</tocitem>
				<tocitem target="./functions/EquilibriumControl.html">EquilibriumControl</tocitem>
				<tocitem target="./functions/Plot3DTrajectory.html">Plot3DTrajectory</tocitem>
				<tocitem target="./functions/RHSAircraft.html">RHSAircraft</tocitem>
			</tocitem>
			<tocitem target="function_categories.html#12">Ch12-Spacecraft
				<tocitem target="./functions/ErrorFromQuaternion.html">ErrorFromQuaternion</tocitem>
				<tocitem target="./functions/PlotSpacecraftSim.html">PlotSpacecraftSim</tocitem>
				<tocitem target="./functions/QTForm.html">QTForm</tocitem>
				<tocitem target="./functions/QUnit.html">QUnit</tocitem>
				<tocitem target="./functions/RHSSpacecraftWithRWA.html">RHSSpacecraftWithRWA</tocitem>
				<tocitem target="./functions/SpacecraftSimFunction.html">SpacecraftSimFunction</tocitem>
			</tocitem>
        </tocitem>
        <!-- Web links with the webicon.gif -->
        <tocitem target="http://www.psatellite.com" 
                 image="$toolbox/matlab/icons/webicon.gif">
        Web Site (psatellite.com)
        </tocitem>
    </tocitem>
</toc>