<?xml version="1.0" encoding="utf-8"?>
<demos><!--This is an autogenerated file, please do not modify-->
   <name>MATLABRecipes</name>
   <type>toolbox</type>
   <icon>HelpIcon.DEMOS</icon>
   <description>This is the companion code for the MATLAB Recipes textbook. All of the code that is referenced in the book may be found in its entirety here. The code is organized by chapter. The help documentation was generated by publishing all of the demos and functions.</description>
   <demosection>
      <label>Ch08-ElectricMotor</label>
      <demoitem>
         <label>PMMachineDemo</label>
         <type>other</type>
         <source>PMMachineDemo</source>
         <file>Ch08-ElectricMotor/html/PMMachineDemo.html</file>
      </demoitem>
   </demosection>
   <demosection>
      <label>Ch04-GUI</label>
      <demoitem>
         <label>PatchAnimation</label>
         <type>other</type>
         <source>PatchAnimation</source>
         <file>Ch04-GUI/html/PatchAnimation.html</file>
      </demoitem>
      <demoitem>
         <label>PatchAnimationStorage</label>
         <type>other</type>
         <source>PatchAnimationStorage</source>
         <file>Ch04-GUI/html/PatchAnimationStorage.html</file>
      </demoitem>
      <demoitem>
         <label>TimeDisplayDemo</label>
         <type>other</type>
         <source>TimeDisplayDemo</source>
         <file>Ch04-GUI/html/TimeDisplayDemo.html</file>
      </demoitem>
      <demoitem>
         <label>TimeDisplayGUI</label>
         <type>other</type>
         <source>TimeDisplayGUI</source>
         <file>Ch04-GUI/html/TimeDisplayGUI.html</file>
      </demoitem>
      <demoitem>
         <label>UIControlDemo</label>
         <type>other</type>
         <source>UIControlDemo</source>
         <file>Ch04-GUI/html/UIControlDemo.html</file>
      </demoitem>
   </demosection>
   <demosection>
      <label>Ch12-Spacecraft</label>
      <demoitem>
         <label>BatchSimRuns</label>
         <type>other</type>
         <source>BatchSimRuns</source>
         <file>Ch12-Spacecraft/html/BatchSimRuns.html</file>
      </demoitem>
      <demoitem>
         <label>SpacecraftSim</label>
         <type>other</type>
         <source>SpacecraftSim</source>
         <file>Ch12-Spacecraft/html/SpacecraftSim.html</file>
      </demoitem>
   </demosection>
   <demosection>
      <label>Ch11-Aircraft</label>
      <demoitem>
         <label>AircraftSim</label>
         <type>other</type>
         <source>AircraftSim</source>
         <file>Ch11-Aircraft/html/AircraftSim.html</file>
      </demoitem>
   </demosection>
   <demosection>
      <label>Ch06-DoubleIntegrator</label>
      <demoitem>
         <label>DoubleIntegratorSim</label>
         <type>other</type>
         <source>DoubleIntegratorSim</source>
         <file>Ch06-DoubleIntegrator/html/DoubleIntegratorSim.html</file>
      </demoitem>
   </demosection>
   <demosection>
      <label>Ch03-Visualization</label>
      <demoitem>
         <label>AnnotatePlot</label>
         <type>other</type>
         <source>AnnotatePlot</source>
         <file>Ch03-Visualization/html/AnnotatePlot.html</file>
      </demoitem>
      <demoitem>
         <label>BoxPatch</label>
         <type>other</type>
         <source>BoxPatch</source>
         <file>Ch03-Visualization/html/BoxPatch.html</file>
      </demoitem>
      <demoitem>
         <label>ColorDistribution</label>
         <type>other</type>
         <source>ColorDistribution</source>
         <file>Ch03-Visualization/html/ColorDistribution.html</file>
      </demoitem>
      <demoitem>
         <label>GridVisualization</label>
         <type>other</type>
         <source>GridVisualization</source>
         <file>Ch03-Visualization/html/GridVisualization.html</file>
      </demoitem>
      <demoitem>
         <label>PatchWithCamera</label>
         <type>other</type>
         <source>PatchWithCamera</source>
         <file>Ch03-Visualization/html/PatchWithCamera.html</file>
      </demoitem>
      <demoitem>
         <label>PatchWithLighting</label>
         <type>other</type>
         <source>PatchWithLighting</source>
         <file>Ch03-Visualization/html/PatchWithLighting.html</file>
      </demoitem>
      <demoitem>
         <label>PlottingWithDates</label>
         <type>other</type>
         <source>PlottingWithDates</source>
         <file>Ch03-Visualization/html/PlottingWithDates.html</file>
      </demoitem>
      <demoitem>
         <label>ReadImage</label>
         <type>other</type>
         <source>ReadImage</source>
         <file>Ch03-Visualization/html/ReadImage.html</file>
      </demoitem>
      <demoitem>
         <label>SphereLighting</label>
         <type>other</type>
         <source>SphereLighting</source>
         <file>Ch03-Visualization/html/SphereLighting.html</file>
      </demoitem>
   </demosection>
   <demosection>
      <label>Ch07-SCARA</label>
      <demoitem>
         <label>SCARARobotSim</label>
         <type>other</type>
         <source>SCARARobotSim</source>
         <file>Ch07-SCARA/html/SCARARobotSim.html</file>
      </demoitem>
   </demosection>
   <demosection>
      <label>Ch09-FaultDetection</label>
      <demoitem>
         <label>DetectionFilterSim</label>
         <type>other</type>
         <source>DetectionFilterSim</source>
         <file>Ch09-FaultDetection/html/DetectionFilterSim.html</file>
      </demoitem>
   </demosection>
   <demosection>
      <label>Ch10-Chemical</label>
      <demoitem>
         <label>PHProcessSim</label>
         <type>other</type>
         <source>PHProcessSim</source>
         <file>Ch10-Chemical/html/PHProcessSim.html</file>
      </demoitem>
      <demoitem>
         <label>SensorTest</label>
         <type>other</type>
         <source>SensorTest</source>
         <file>Ch10-Chemical/html/SensorTest.html</file>
      </demoitem>
   </demosection>
   <demosection>
      <label>Ch02-Style</label>
      <demoitem>
         <label>MemoExample</label>
         <type>other</type>
         <source>MemoExample</source>
         <file>Ch02-Style/html/MemoExample.html</file>
      </demoitem>
      <demoitem>
         <label>ScriptDemo</label>
         <type>other</type>
         <source>ScriptDemo</source>
         <file>Ch02-Style/html/ScriptDemo.html</file>
      </demoitem>
   </demosection>
</demos>